<!-- <?xml version="1.0" encoding="utf-8" standalone="yes"?>
<settings>
    <setting id="iptv.enabled" default="true" visible="false"/>
    <setting id="iptv.channels_uri" default="plugin://plugin.fxml.helper/iptv/channels" visible="false"/>
    <category label="32002">
        <setting label="32021" type="bool" id="merge" default="false"/>
    </category>
    <category label="32001">
        <setting label="32011" type="text"   id="iptv1" default=""/>
        <setting label="32012" type="text"   id="iptv2" default=""/>
        <setting label="32013" type="text"   id="iptv3" default=""/>
        <setting label="32014" type="text"   id="iptv4" default=""/>
        <setting label="32015" type="text"   id="iptv5" default=""/>
        <setting label="32016" type="text"   id="iptv6" default=""/>
        <setting label="32017" type="text"   id="iptv7" default=""/>
    </category>
    <category label="32003">
        <setting label="32011" type="text"   id="iptv1" default=""/>
    </category>
    Dialog().select('Choose a playlist', [''])
    addDirectoryItem(plugin.handle, plugin.url_for(play, url=Addon().getSettingString('torrserver_url')+"/torrent/play/?link="+item['url']+"&file="+item['stream_id']
</settings> -->
<?xml version="1.0" ?>
<settings version="1">
	<section id="plugin.fxml.helper">
    <!-- <setting id="iptv.enabled" default="true" visible="false"/>
    <setting id="iptv.channels_uri" default="plugin://plugin.fxml.helper/iptv/channels" visible="false"/> -->
        <category id="hidden" label="32004" help="">
        <setting type="text" id="iptv.channels_uri" default="plugin://plugin.fxml.helper/iptv/channels" visible="false"/>
        <setting label="30877" help="30878" type="bool" id="iptv.enabled" default="true" visible="String.StartsWith(System.BuildVersion,18) + System.HasAddon(service.iptv.manager) | System.AddonIsEnabled(service.iptv.manager)" />
            <!-- <group id="10">
                <setting type="boolean" id="iptv.enabled">
                    <level>0</level>
                    <default>true</default>
                    <visible>false</visible>
                </setting>
                <setting type="string" id="iptv.channels_uri">
                    <level>0</level>
                    <default>plugin://plugin.fxml.helper/iptv/channels</default>
                    <visible>false</visible>
                </setting>
            </group> -->
		</category>
        <category id="general" label="32004" help="">
			<group id="4" label="32004">
                <setting id="debug" type="boolean" label="32041" help="">
                    <level>1</level>
                    <default>false</default>
                    <control type="toggle"/>
                </setting>
                <setting id="email" type="string" label="32042" help="">
                    <level>0</level>
                    <default/>
                    <constraints>
                        <allowempty>true</allowempty>
                    </constraints>
                    <control type="edit" format="string">
                        <heading>32042</heading>
                    </control>
                </setting>
            </group>
		</category>
		<category id="iptv" label="32002" help="">
			<group id="1" label="32002">
				<setting id="merge" type="boolean" label="32021" help="">
                    <level>0</level>
                    <default>false</default>
                    <control type="toggle"/>
                </setting>
                <setting id="active_playlist" type="integer" label="32018" help="">
                    <level>0</level>
                    <default>1</default>
                    <constraints>
                        <options>
                            <option label="32011">1</option>
                            <option label="32012">2</option>
                            <option label="32013">3</option>
                            <option label="32014">4</option>
                            <option label="32015">5</option>
                            <option label="32016">6</option>
                            <option label="32017">7</option>
                        </options>
                    </constraints>
                    <control type="list" format="string">
                        <heading>32018</heading>
                    </control>
                </setting>
			</group>
		</category>
        <category id="iptv_pl" label="32001" help="">
			<group id="2" label="32001">
                <setting id="iptv1" type="string" label="32011" help="">
                    <level>0</level>
                    <default/>
                    <constraints>
                        <allowempty>true</allowempty>
                    </constraints>
                    <control type="edit" format="string">
                        <heading>32011</heading>
                    </control>
                </setting>
                <setting id="iptv2" type="string" label="32012" help="">
                    <level>0</level>
                    <default/>
                    <constraints>
                        <allowempty>true</allowempty>
                    </constraints>
                    <control type="edit" format="string">
                        <heading>32012</heading>
                    </control>
                </setting>
                <setting id="iptv3" type="string" label="32013" help="">
                    <level>0</level>
                    <default/>
                    <constraints>
                        <allowempty>true</allowempty>
                    </constraints>
                    <control type="edit" format="string">
                        <heading>32013</heading>
                    </control>
                </setting>
                <setting id="iptv4" type="string" label="32014" help="">
                    <level>0</level>
                    <default/>
                    <constraints>
                        <allowempty>true</allowempty>
                    </constraints>
                    <control type="edit" format="string">
                        <heading>32014</heading>
                    </control>
                </setting>
                <setting id="iptv5" type="string" label="32015" help="">
                    <level>0</level>
                    <default/>
                    <constraints>
                        <allowempty>true</allowempty>
                    </constraints>
                    <control type="edit" format="string">
                        <heading>32015</heading>
                    </control>
                </setting>
                <setting id="iptv6" type="string" label="32016" help="">
                    <level>0</level>
                    <default/>
                    <constraints>
                        <allowempty>true</allowempty>
                    </constraints>
                    <control type="edit" format="string">
                        <heading>32016</heading>
                    </control>
                </setting>
                <setting id="iptv7" type="string" label="32017" help="">
                    <level>0</level>
                    <default/>
                    <constraints>
                        <allowempty>true</allowempty>
                    </constraints>
                    <control type="edit" format="string">
                        <heading>32017</heading>
                    </control>
                </setting>
			</group>
		</category>
        <category id="p2p" label="32003" help="">
            <group id="3" label="32003">
                <setting id="p2p_engine" type="integer" label="32031" help="">
                    <level>0</level>
                    <default>0</default>
                    <constraints>
                        <options>
                            <option label="32032">0</option>
                            <option label="32033">1</option>
                            <option label="32037">2</option>
                        </options>
                    </constraints>
                    <control type="list" format="string">
                        <heading>32031</heading>
                    </control>
                </setting>
                <setting id="torrserver_url" type="string" label="32034" help="">
                    <level>0</level>
                    <default>http://127.0.0.1:8090</default>
                    <constraints>
                        <allowempty>true</allowempty>
                    </constraints>
                    <control type="edit" format="string">
                        <heading>32034</heading>
                    </control>
                </setting>
                <setting id="acestream_url" type="string" label="32035" help="">
                    <level>0</level>
                    <default>http://127.0.0.1:6878</default>
                    <constraints>
                        <allowempty>true</allowempty>
                    </constraints>
                    <control type="edit" format="string">
                        <heading>32035</heading>
                    </control>
                </setting>
            </group>
        </category>
	</section>
</settings>
