<?xml version="1.0" encoding="UTF-8" standalone="yes"?>
<addon id="plugin.fxml.helper" name="FXML Helper" version="1.2.5" provider-name="eXoterr">
  <requires>
    <import addon="xbmc.python" version="3.0.0"/>
    <import addon="script.module.routing"/>
    <import addon="script.module.defusedxml"/>
    <import addon="service.iptv.manager"/>
    <import addon="script.module.requests"/>
    <import addon="script.module.tzlocal"/>
    <import addon="script.module.six"/>
  </requires>
  <extension point="xbmc.python.pluginsource" library="addon.py">
    <provides>video</provides>
  </extension>
  <extension point="xbmc.service" library="service.py" />
  <extension point="xbmc.addon.metadata">
    <summary lang="en_GB">Parser for FXML based sites</summary>
    <description lang="en_GB">
    Просмотр сайтов в формате FXML
    [B]Воспроизведение торрентов через Elementum и Torrserver[/B]
    Импорт [B]IPTV[/B] плейлистов с сайтов в Kodi
    И многое другое...
    </description>
    <disclaimer lang="en_GB">Данный аддон не занимается предоставлением контента и не содержит прямых ссылок на контент. За контент, размещаемый авторами fxml сайтов и ваши действия в отношении этого контента автор аддона ответственности не несет!</disclaimer>
    <language>en</language> <!-- the language of the videos or other content the plugin provides, may be omitted in case the addon does not provide any content -->
    <platform>all</platform>
    <license>GPL-3.0-or-later</license>
    <source>https://github.com/eXoterr/plugin.fxml.helper</source>
    <news>v1.2.5 (12/03/2021)
      [new] old site requesting method (new causes many bugs)
      [new] custom url option
      [fix] some errors
      [improved] description render
    </news>
    <assets>
        <icon>icon.png</icon>
    </assets>
  </extension>
</addon>